Phylum,Host_Domain_ChatGPT,ManualCheck,Citation,Notes,Count,HostDomain
Uroviricota,Prokaryote,Prokaryote,"https://en.wikipedia.org/wiki/Caudoviricetes#:~:text=Caudoviricetes%20is%20a%20class%20of,viruses%20possess%20a%20common%20origin.",,1773,Prokaryote
Lenarviricota,Prokaryote,Prokaryote,https://en.wikipedia.org/wiki/Lenarviricota,,559,Prokaryote
Pisuviricota,Eukaryote,Eukaryote,https://en.wikipedia.org/wiki/Pisuviricota,,339,Eukaryote
Kitrinoviricota,Eukaryote,Eukaryote,https://en.wikipedia.org/wiki/Kitrinoviricota,,254,Eukaryote
Negarnaviricota,Eukaryote,Eukaryote,https://en.wikipedia.org/wiki/Negative-strand_RNA_virus,,82,Eukaryote
Cossaviricota,Eukaryote,Eukaryote,https://en.wikipedia.org/wiki/Cossaviricota,,71,Eukaryote
Cressdnaviricota,Unknown,Eukaryote,https://en.wikipedia.org/wiki/Bacilladnaviridae,not phylum level,57,Eukaryote
Duplornaviricota,Eukaryote,Eukaryote,https://en.wikipedia.org/wiki/Duplornaviricota,,31,Eukaryote
Artverviricota,Eukaryote,Eukaryote,https://en.wikipedia.org/wiki/Revtraviricetes,,27,Eukaryote
Preplasmiviricota,,Both,https://pubmed.ncbi.nlm.nih.gov/38805295/,,17,Both
Phixviricota,Unknown,Prokaryote,https://www.inaturalist.org/taxa/1145319-Phixviricota,,13,Prokaryote
Hofneiviricota,Unknown,Prokaryote,https://www.nature.com/articles/s41396-023-01546-2,,11,Prokaryote
Anelloviridae - no_o_rank - no_c_rank - no_p_rank,Unknown,Eukaryote,https://en.wikipedia.org/wiki/Anelloviridae,,4,Eukaryote
Birnaviridae - no_o_rank - no_c_rank - no_p_rank,Unknown,Eukaryote,https://en.wikipedia.org/wiki/Birnaviridae,,4,Eukaryote
Nucleocytoviricota,Eukaryote,Eukaryote,https://en.wikipedia.org/wiki/Nucleocytoviricota,,4,Eukaryote
Peploviricota,Unknown,Eukaryote,"https://en.wikipedia.org/wiki/Herpesvirales#:~:text=Common%20infections%20in%20humans%20caused,class%20in%20the%20phylum%20Peploviricota.",,3,Eukaryote
Pospiviroidae - no_o_rank - no_c_rank - no_p_rank,Unknown,Eukaryote,https://en.wikipedia.org/wiki/Pospiviroidae,,3,Eukaryote
Albetovirus - no_f_rank - no_o_rank - no_c_rank - no_p_rank,Unknown,Eukaryote,https://en.wikipedia.org/wiki/Albetovirus,,2,Eukaryote
Avsunviroidae - no_o_rank - no_c_rank - no_p_rank,Unknown,Eukaryote,https://en.wikipedia.org/wiki/Avsunviroidae,,2,Eukaryote
Naldaviricetes - no_p_rank,Unknown,Eukaryote,https://en.wikipedia.org/wiki/Naldaviricetes,,2,Eukaryote
Virtovirus - no_f_rank - no_o_rank - no_c_rank - no_p_rank,Unknown,Eukaryote,https://en.wikipedia.org/wiki/Tobacco_virtovirus_1,,2,Eukaryote
Acyrthosiphon pisum virus - no_g_rank - no_f_rank - no_o_rank - no_c_rank - no_p_rank,Unknown,Eukaryote,"https://www.legumevirusproject.org/pea-aphid-viruses#:~:text=PeSV%20is%20a%20long%20filamentous,acquisition%20period%20of%2015%20min.",,1,Eukaryote
Aphis glycines virus 2 - no_g_rank - no_f_rank - no_o_rank - no_c_rank - no_p_rank,Unknown,Eukaryote,https://apsjournals.apsnet.org/doi/10.1094/PD-90-0920,,1,Eukaryote
Arhar cryptic virus-I - no_g_rank - no_f_rank - no_o_rank - no_c_rank - no_p_rank,Unknown,Eukaryote,"https://pubmed.ncbi.nlm.nih.gov/28771507/#:~:text=The%20dsRNAs%20shared%20a%20highly,cryptic%20virus%20in%20pigeonpea%20plants.",,1,Eukaryote
Aumaivirus - no_f_rank - no_o_rank - no_c_rank - no_p_rank,Unknown,Eukaryote,https://en.wikipedia.org/wiki/Maize_white_line_mosaic_satellite_virus,,1,Eukaryote
Beet black scorch virus satellite RNA - no_g_rank - no_f_rank - no_o_rank - no_c_rank - no_p_rank,Unknown,Eukaryote,Name,,1,Eukaryote
Beet western yellows ST9 associated virus - no_g_rank - no_f_rank - no_o_rank - no_c_rank - no_p_rank,Unknown,Eukaryote,Name,,1,Eukaryote
Beihai mantis shrimp virus 1 - no_g_rank - no_f_rank - no_o_rank - no_c_rank - no_p_rank,Unknown,Eukaryote,Name,,1,Eukaryote
Beihai mantis shrimp virus 6 - no_g_rank - no_f_rank - no_o_rank - no_c_rank - no_p_rank,Unknown,Eukaryote,Name,,1,Eukaryote
Beihai mollusks virus 1 - no_g_rank - no_f_rank - no_o_rank - no_c_rank - no_p_rank,Unknown,Eukaryote,Name,,1,Eukaryote
Beihai mollusks virus 2 - no_g_rank - no_f_rank - no_o_rank - no_c_rank - no_p_rank,Unknown,Eukaryote,Name,,1,Eukaryote
Beihai octopus virus 1 - no_g_rank - no_f_rank - no_o_rank - no_c_rank - no_p_rank,Unknown,Eukaryote,Name,,1,Eukaryote
Beihai permutotetra-like virus 2 - no_g_rank - no_f_rank - no_o_rank - no_c_rank - no_p_rank,Unknown,Eukaryote,https://www.genome.jp/virushostdb/1922513,,1,Eukaryote
Beihai picorna-like virus 105 - no_g_rank - no_f_rank - no_o_rank - no_c_rank - no_p_rank,Unknown,Eukaryote,https://www.ncbi.nlm.nih.gov/Taxonomy/Browser/wwwtax.cgi?lvl=0&id=1922545,,1,Eukaryote
Beihai picorna-like virus 107 - no_g_rank - no_f_rank - no_o_rank - no_c_rank - no_p_rank,Unknown,Eukaryote,https://www.ncbi.nlm.nih.gov/Taxonomy/Browser/wwwtax.cgi?lvl=0&id=1922546,,1,Eukaryote
Beihai picorna-like virus 11 - no_g_rank - no_f_rank - no_o_rank - no_c_rank - no_p_rank,Unknown,Eukaryote,https://www.ncbi.nlm.nih.gov/Taxonomy/Browser/wwwtax.cgi?lvl=0&id=1922547,,1,Eukaryote
Beihai picorna-like virus 15 - no_g_rank - no_f_rank - no_o_rank - no_c_rank - no_p_rank,Unknown,Eukaryote,https://www.ncbi.nlm.nih.gov/Taxonomy/Browser/wwwtax.cgi?lvl=0&id=1922548,,1,Eukaryote
Beihai picorna-like virus 28 - no_g_rank - no_f_rank - no_o_rank - no_c_rank - no_p_rank,Unknown,Eukaryote,https://www.ncbi.nlm.nih.gov/Taxonomy/Browser/wwwtax.cgi?lvl=0&id=1922549,,1,Eukaryote
Beihai picorna-like virus 33 - no_g_rank - no_f_rank - no_o_rank - no_c_rank - no_p_rank,Unknown,Eukaryote,https://www.ncbi.nlm.nih.gov/Taxonomy/Browser/wwwtax.cgi?lvl=0&id=1922550,,1,Eukaryote
Beihai picorna-like virus 35 - no_g_rank - no_f_rank - no_o_rank - no_c_rank - no_p_rank,Unknown,Eukaryote,https://www.ncbi.nlm.nih.gov/Taxonomy/Browser/wwwtax.cgi?lvl=0&id=1922551,,1,Eukaryote
Beihai picorna-like virus 45 - no_g_rank - no_f_rank - no_o_rank - no_c_rank - no_p_rank,Unknown,Eukaryote,https://www.ncbi.nlm.nih.gov/Taxonomy/Browser/wwwtax.cgi?lvl=0&id=1922552,,1,Eukaryote
Beihai picorna-like virus 49 - no_g_rank - no_f_rank - no_o_rank - no_c_rank - no_p_rank,Unknown,Eukaryote,https://www.ncbi.nlm.nih.gov/Taxonomy/Browser/wwwtax.cgi?lvl=0&id=1922553,,1,Eukaryote
Beihai picorna-like virus 6 - no_g_rank - no_f_rank - no_o_rank - no_c_rank - no_p_rank,Unknown,Eukaryote,https://www.ncbi.nlm.nih.gov/Taxonomy/Browser/wwwtax.cgi?lvl=0&id=1922554,,1,Eukaryote
Beihai picorna-like virus 63 - no_g_rank - no_f_rank - no_o_rank - no_c_rank - no_p_rank,Unknown,Eukaryote,https://www.ncbi.nlm.nih.gov/Taxonomy/Browser/wwwtax.cgi?lvl=0&id=1922555,,1,Eukaryote
Beihai picorna-like virus 64 - no_g_rank - no_f_rank - no_o_rank - no_c_rank - no_p_rank,Unknown,Eukaryote,https://www.ncbi.nlm.nih.gov/Taxonomy/Browser/wwwtax.cgi?lvl=0&id=1922556,,1,Eukaryote
Beihai picorna-like virus 70 - no_g_rank - no_f_rank - no_o_rank - no_c_rank - no_p_rank,Unknown,Eukaryote,https://www.ncbi.nlm.nih.gov/Taxonomy/Browser/wwwtax.cgi?lvl=0&id=1922557,,1,Eukaryote
Beihai picorna-like virus 77 - no_g_rank - no_f_rank - no_o_rank - no_c_rank - no_p_rank,Unknown,Eukaryote,https://www.ncbi.nlm.nih.gov/Taxonomy/Browser/wwwtax.cgi?lvl=0&id=1922558,,1,Eukaryote
Beihai sobemo-like virus 25 - no_g_rank - no_f_rank - no_o_rank - no_c_rank - no_p_rank,Unknown,Eukaryote,https://www.ncbi.nlm.nih.gov/Taxonomy/Browser/wwwtax.cgi?lvl=0&id=1922559,,1,Eukaryote
Beihai sphaeromadae virus 3 - no_g_rank - no_f_rank - no_o_rank - no_c_rank - no_p_rank,Unknown,Eukaryote,https://www.ncbi.nlm.nih.gov/Taxonomy/Browser/wwwtax.cgi?lvl=0&id=1922560,,1,Eukaryote
Beihai tombus-like virus 13 - no_g_rank - no_f_rank - no_o_rank - no_c_rank - no_p_rank,Unknown,Eukaryote,https://www.ncbi.nlm.nih.gov/Taxonomy/Browser/wwwtax.cgi?lvl=0&id=1922561,,1,Eukaryote
Botrytis cinerea hypovirus 1 satellite-like RNA - no_g_rank - no_f_rank - no_o_rank - no_c_rank - no_p_rank,Unknown,Eukaryote,https://en.wikipedia.org/wiki/Botrytis_cinerea,,1,Eukaryote
Botybirnavirus - no_f_rank - no_o_rank - no_c_rank - no_p_rank,Unknown,Eukaryote,https://www.ncbi.nlm.nih.gov/Taxonomy/Browser/wwwtax.cgi?id=1918013,,1,Eukaryote
Bovine faeces associated circular DNA molecule 1 - no_g_rank - no_f_rank - no_o_rank - no_c_rank - no_p_rank,Unknown,Eukaryote,Name,,1,Eukaryote
Changjiang crawfish virus 1 - no_g_rank - no_f_rank - no_o_rank - no_c_rank - no_p_rank,Unknown,Eukaryote,Name,,1,Eukaryote
Changjiang crawfish virus 2 - no_g_rank - no_f_rank - no_o_rank - no_c_rank - no_p_rank,Unknown,Eukaryote,Name,,1,Eukaryote
Changjiang crawfish virus 3 - no_g_rank - no_f_rank - no_o_rank - no_c_rank - no_p_rank,Unknown,Eukaryote,Name,,1,Eukaryote
Changjiang crawfish virus 5 - no_g_rank - no_f_rank - no_o_rank - no_c_rank - no_p_rank,Unknown,Eukaryote,Name,,1,Eukaryote
Changjiang crawfish virus 7 - no_g_rank - no_f_rank - no_o_rank - no_c_rank - no_p_rank,Unknown,Eukaryote,Name,,1,Eukaryote
Changjiang narna-like virus 3 - no_g_rank - no_f_rank - no_o_rank - no_c_rank - no_p_rank,Unknown,Eukaryote,https://www.ncbi.nlm.nih.gov/Taxonomy/Browser/wwwtax.cgi?mode=Info&id=1922776&lvl=3&keep=1&srchmode=1&unlock,,1,Eukaryote
Changjiang narna-like virus 4 - no_g_rank - no_f_rank - no_o_rank - no_c_rank - no_p_rank,Unknown,Eukaryote,https://www.ncbi.nlm.nih.gov/Taxonomy/Browser/wwwtax.cgi?mode=Info&id=1922776&lvl=3&keep=1&srchmode=1&unlock,,1,Eukaryote
Changjiang picorna-like virus 1 - no_g_rank - no_f_rank - no_o_rank - no_c_rank - no_p_rank,Unknown,Eukaryote,https://www.ncbi.nlm.nih.gov/Taxonomy/Browser/wwwtax.cgi?mode=Info&id=1922787,,1,Eukaryote
Changjiang picorna-like virus 10 - no_g_rank - no_f_rank - no_o_rank - no_c_rank - no_p_rank,Unknown,Eukaryote,https://www.ncbi.nlm.nih.gov/Taxonomy/Browser/wwwtax.cgi?mode=Info&id=1922788,,1,Eukaryote
Changjiang picorna-like virus 11 - no_g_rank - no_f_rank - no_o_rank - no_c_rank - no_p_rank,Unknown,Eukaryote,https://www.ncbi.nlm.nih.gov/Taxonomy/Browser/wwwtax.cgi?mode=Info&id=1922789,,1,Eukaryote
Changjiang picorna-like virus 13 - no_g_rank - no_f_rank - no_o_rank - no_c_rank - no_p_rank,Unknown,Eukaryote,https://www.ncbi.nlm.nih.gov/Taxonomy/Browser/wwwtax.cgi?mode=Info&id=1922790,,1,Eukaryote
Changjiang picorna-like virus 3 - no_g_rank - no_f_rank - no_o_rank - no_c_rank - no_p_rank,Unknown,Eukaryote,https://www.ncbi.nlm.nih.gov/Taxonomy/Browser/wwwtax.cgi?mode=Info&id=1922791,,1,Eukaryote
Changjiang picorna-like virus 4 - no_g_rank - no_f_rank - no_o_rank - no_c_rank - no_p_rank,Unknown,Eukaryote,https://www.ncbi.nlm.nih.gov/Taxonomy/Browser/wwwtax.cgi?mode=Info&id=1922792,,1,Eukaryote
Changjiang picorna-like virus 7 - no_g_rank - no_f_rank - no_o_rank - no_c_rank - no_p_rank,Unknown,Eukaryote,https://www.ncbi.nlm.nih.gov/Taxonomy/Browser/wwwtax.cgi?mode=Info&id=1922793,,1,Eukaryote
Changjiang picorna-like virus 8 - no_g_rank - no_f_rank - no_o_rank - no_c_rank - no_p_rank,Unknown,Eukaryote,https://www.ncbi.nlm.nih.gov/Taxonomy/Browser/wwwtax.cgi?mode=Info&id=1922794,,1,Eukaryote
Changjiang picorna-like virus 9 - no_g_rank - no_f_rank - no_o_rank - no_c_rank - no_p_rank,Unknown,Eukaryote,https://www.ncbi.nlm.nih.gov/Taxonomy/Browser/wwwtax.cgi?mode=Info&id=1922795,,1,Eukaryote
Changjiang sobemo-like virus 1 - no_g_rank - no_f_rank - no_o_rank - no_c_rank - no_p_rank,Unknown,Eukaryote,https://www.ncbi.nlm.nih.gov/Taxonomy/Browser/wwwtax.cgi?mode=Info&id=1922800&lvl=3&keep=1&srchmode=1&unlock&mod=1&log_op=modifier_toggle,,1,Eukaryote
Changjiang tombus-like virus 10 - no_g_rank - no_f_rank - no_o_rank - no_c_rank - no_p_rank,Unknown,Eukaryote,https://www.ncbi.nlm.nih.gov/Taxonomy/Browser/wwwtax.cgi?mode=Info&id=1922804,,1,Eukaryote
Changjiang tombus-like virus 11 - no_g_rank - no_f_rank - no_o_rank - no_c_rank - no_p_rank,Unknown,Eukaryote,https://www.ncbi.nlm.nih.gov/Taxonomy/Browser/wwwtax.cgi?mode=Info&id=1922805,,1,Eukaryote
Changjiang tombus-like virus 12 - no_g_rank - no_f_rank - no_o_rank - no_c_rank - no_p_rank,Unknown,Eukaryote,https://www.ncbi.nlm.nih.gov/Taxonomy/Browser/wwwtax.cgi?mode=Info&id=1922806,,1,Eukaryote
Changjiang tombus-like virus 14 - no_g_rank - no_f_rank - no_o_rank - no_c_rank - no_p_rank,Unknown,Eukaryote,https://www.ncbi.nlm.nih.gov/Taxonomy/Browser/wwwtax.cgi?mode=Info&id=1922807,,1,Eukaryote
Changjiang tombus-like virus 15 - no_g_rank - no_f_rank - no_o_rank - no_c_rank - no_p_rank,Unknown,Eukaryote,https://www.ncbi.nlm.nih.gov/Taxonomy/Browser/wwwtax.cgi?mode=Info&id=1922808,,1,Eukaryote
Changjiang tombus-like virus 16 - no_g_rank - no_f_rank - no_o_rank - no_c_rank - no_p_rank,Unknown,Eukaryote,https://www.ncbi.nlm.nih.gov/Taxonomy/Browser/wwwtax.cgi?mode=Info&id=1922809,,1,Eukaryote
Changjiang tombus-like virus 17 - no_g_rank - no_f_rank - no_o_rank - no_c_rank - no_p_rank,Unknown,Eukaryote,https://www.ncbi.nlm.nih.gov/Taxonomy/Browser/wwwtax.cgi?mode=Info&id=1922810,,1,Eukaryote
Changjiang tombus-like virus 2 - no_g_rank - no_f_rank - no_o_rank - no_c_rank - no_p_rank,Unknown,Eukaryote,https://www.ncbi.nlm.nih.gov/Taxonomy/Browser/wwwtax.cgi?mode=Info&id=1922811,,1,Eukaryote
Changjiang tombus-like virus 20 - no_g_rank - no_f_rank - no_o_rank - no_c_rank - no_p_rank,Unknown,Eukaryote,https://www.ncbi.nlm.nih.gov/Taxonomy/Browser/wwwtax.cgi?mode=Info&id=1922812,,1,Eukaryote
Changjiang tombus-like virus 22 - no_g_rank - no_f_rank - no_o_rank - no_c_rank - no_p_rank,Unknown,Eukaryote,https://www.ncbi.nlm.nih.gov/Taxonomy/Browser/wwwtax.cgi?mode=Info&id=1922813,,1,Eukaryote
Changjiang tombus-like virus 4 - no_g_rank - no_f_rank - no_o_rank - no_c_rank - no_p_rank,Unknown,Eukaryote,https://www.ncbi.nlm.nih.gov/Taxonomy/Browser/wwwtax.cgi?mode=Info&id=1922814,,1,Eukaryote
Changjiang tombus-like virus 8 - no_g_rank - no_f_rank - no_o_rank - no_c_rank - no_p_rank,Unknown,Eukaryote,https://www.ncbi.nlm.nih.gov/Taxonomy/Browser/wwwtax.cgi?mode=Info&id=1922815,,1,Eukaryote
Changjiang zhaovirus-like virus 1 - no_g_rank - no_f_rank - no_o_rank - no_c_rank - no_p_rank,Unknown,Eukaryote,https://www.ncbi.nlm.nih.gov/Taxonomy/Browser/wwwtax.cgi?mode=Info&id=1922824,,1,Eukaryote
Chicken stool associated circular virus 1 - no_g_rank - no_f_rank - no_o_rank - no_c_rank - no_p_rank,Unknown,Eukaryote,Name,,1,Eukaryote
Chimeric virus 14 - no_g_rank - no_f_rank - no_o_rank - no_c_rank - no_p_rank,Unknown,NA,NA ,,1,NA
Chronic bee paralysis virus - no_g_rank - no_f_rank - no_o_rank - no_c_rank - no_p_rank,Unknown,Eukaryote,Name,,1,Eukaryote
Circovirus-like genome RW-C - no_g_rank - no_f_rank - no_o_rank - no_c_rank - no_p_rank,Unknown,Eukaryote,https://en.wikipedia.org/wiki/Circoviridae,,1,Eukaryote
Citrus yellow vein-associated virus - no_g_rank - no_f_rank - no_o_rank - no_c_rank - no_p_rank,Unknown,Eukaryote,Name,,1,Eukaryote
Cucumber mosaic virus satellite RNA - no_g_rank - no_f_rank - no_o_rank - no_c_rank - no_p_rank,Unknown,Eukaryote,Name,,1,Eukaryote
Cucurbit aphid borne yellows virus associated RNA - no_g_rank - no_f_rank - no_o_rank - no_c_rank - no_p_rank,Unknown,Eukaryote,Name,,1,Eukaryote
Culex pipiens-associated Tunisia virus - no_g_rank - no_f_rank - no_o_rank - no_c_rank - no_p_rank,Unknown,Eukaryote,https://www.ncbi.nlm.nih.gov/Taxonomy/Browser/wwwtax.cgi?id=2079148,,1,Eukaryote
Cymbidium ringspot virus satellite RNA - no_g_rank - no_f_rank - no_o_rank - no_c_rank - no_p_rank,Unknown,Eukaryote,https://pmc.ncbi.nlm.nih.gov/articles/PMC2583670/,,1,Eukaryote
Diabrotica virgifera virgifera virus 2 - no_g_rank - no_f_rank - no_o_rank - no_c_rank - no_p_rank,Unknown,Eukaryote,https://pubmed.ncbi.nlm.nih.gov/28522718/,,1,Eukaryote
Diabrotica virgifera virgifera virus 3 - no_g_rank - no_f_rank - no_o_rank - no_c_rank - no_p_rank,Unknown,Eukaryote,https://pubmed.ncbi.nlm.nih.gov/28522718/,,1,Eukaryote
Dividoviricota,Unknown,Prokaryote,https://inaturalist.ca/taxa/1145315-Dividoviricota,,1,Prokaryote
Drosophila A virus - no_g_rank - no_f_rank - no_o_rank - no_c_rank - no_p_rank,Unknown,Eukaryote,Name,,1,Eukaryote
Drosophila immigrans Nora virus - no_g_rank - no_f_rank - no_o_rank - no_c_rank - no_p_rank,Unknown,Eukaryote,Name,,1,Eukaryote
Drosophila subobscura Nora virus - no_g_rank - no_f_rank - no_o_rank - no_c_rank - no_p_rank,Unknown,Eukaryote,Name,,1,Eukaryote
Duck faeces associated circular DNA virus 2 - no_g_rank - no_f_rank - no_o_rank - no_c_rank - no_p_rank,Unknown,Eukaryote,Name,,1,Eukaryote
Duck faeces associated circular DNA virus 3 - no_g_rank - no_f_rank - no_o_rank - no_c_rank - no_p_rank,Unknown,Eukaryote,Name,,1,Eukaryote
Elicom virus 1 - no_g_rank - no_f_rank - no_o_rank - no_c_rank - no_p_rank,Unknown,NA,,,1,NA
Hubei arthropod virus 1 - no_g_rank - no_f_rank - no_o_rank - no_c_rank - no_p_rank,Unknown,Eukaryote,Name,,1,Eukaryote
Hubei arthropod virus 3 - no_g_rank - no_f_rank - no_o_rank - no_c_rank - no_p_rank,Unknown,Eukaryote,Name,,1,Eukaryote
Hubei diptera virus 1 - no_g_rank - no_f_rank - no_o_rank - no_c_rank - no_p_rank,Unknown,Eukaryote,Name,,1,Eukaryote
Hubei leech virus 2 - no_g_rank - no_f_rank - no_o_rank - no_c_rank - no_p_rank,Unknown,Eukaryote,Name,,1,Eukaryote
Hubei leech virus 4 - no_g_rank - no_f_rank - no_o_rank - no_c_rank - no_p_rank,Unknown,Eukaryote,Name,,1,Eukaryote
Hubei mosquito virus 4 - no_g_rank - no_f_rank - no_o_rank - no_c_rank - no_p_rank,Unknown,Eukaryote,Name,,1,Eukaryote
Hubei narna-like virus 12 - no_g_rank - no_f_rank - no_o_rank - no_c_rank - no_p_rank,Unknown,Eukaryote,https://www.ncbi.nlm.nih.gov/Taxonomy/Browser/wwwtax.cgi?mode=Info&id=1922942,,1,Eukaryote
Hubei narna-like virus 7 - no_g_rank - no_f_rank - no_o_rank - no_c_rank - no_p_rank,Unknown,Eukaryote,https://www.ncbi.nlm.nih.gov/Taxonomy/Browser/wwwtax.cgi?mode=Info&id=1922943,,1,Eukaryote
Hubei narna-like virus 9 - no_g_rank - no_f_rank - no_o_rank - no_c_rank - no_p_rank,Unknown,Eukaryote,https://www.ncbi.nlm.nih.gov/Taxonomy/Browser/wwwtax.cgi?mode=Info&id=1922944,,1,Eukaryote
C 1 - no_g_rank - no_f_rank - no_o_rank - no_c_rank - no_p_rank,Unknown,NA,,,1,NA
Hubei orthoptera virus 4 - no_g_rank - no_f_rank - no_o_rank - no_c_rank - no_p_rank,Unknown,Eukaryote,https://www.genome.jp/virushostdb/1923013,,1,Eukaryote
Hubei permutotetra-like virus 10 - no_g_rank - no_f_rank - no_o_rank - no_c_rank - no_p_rank,Unknown,Eukaryote,https://www.ncbi.nlm.nih.gov/Taxonomy/Browser/wwwtax.cgi?mode=Info&id=1923079,,1,Eukaryote
Hubei picorna-like virus 1 - no_g_rank - no_f_rank - no_o_rank - no_c_rank - no_p_rank,Unknown,Eukaryote,https://www.ncbi.nlm.nih.gov/Taxonomy/Browser/wwwtax.cgi?id=1923166,,1,Eukaryote
Hubei picorna-like virus 10 - no_g_rank - no_f_rank - no_o_rank - no_c_rank - no_p_rank,Unknown,Eukaryote,https://www.ncbi.nlm.nih.gov/Taxonomy/Browser/wwwtax.cgi?id=1923167,,1,Eukaryote
Hubei picorna-like virus 14 - no_g_rank - no_f_rank - no_o_rank - no_c_rank - no_p_rank,Unknown,Eukaryote,https://www.ncbi.nlm.nih.gov/Taxonomy/Browser/wwwtax.cgi?id=1923168,,1,Eukaryote
Hubei picorna-like virus 15 - no_g_rank - no_f_rank - no_o_rank - no_c_rank - no_p_rank,Unknown,Eukaryote,https://www.ncbi.nlm.nih.gov/Taxonomy/Browser/wwwtax.cgi?id=1923169,,1,Eukaryote
Hubei picorna-like virus 16 - no_g_rank - no_f_rank - no_o_rank - no_c_rank - no_p_rank,Unknown,Eukaryote,https://www.ncbi.nlm.nih.gov/Taxonomy/Browser/wwwtax.cgi?id=1923170,,1,Eukaryote
Hubei picorna-like virus 2 - no_g_rank - no_f_rank - no_o_rank - no_c_rank - no_p_rank,Unknown,Eukaryote,https://www.ncbi.nlm.nih.gov/Taxonomy/Browser/wwwtax.cgi?id=1923171,,1,Eukaryote
Hubei picorna-like virus 20 - no_g_rank - no_f_rank - no_o_rank - no_c_rank - no_p_rank,Unknown,Eukaryote,https://www.ncbi.nlm.nih.gov/Taxonomy/Browser/wwwtax.cgi?id=1923172,,1,Eukaryote
Hubei picorna-like virus 21 - no_g_rank - no_f_rank - no_o_rank - no_c_rank - no_p_rank,Unknown,Eukaryote,https://www.ncbi.nlm.nih.gov/Taxonomy/Browser/wwwtax.cgi?id=1923173,,1,Eukaryote
Hubei picorna-like virus 22 - no_g_rank - no_f_rank - no_o_rank - no_c_rank - no_p_rank,Unknown,Eukaryote,https://www.ncbi.nlm.nih.gov/Taxonomy/Browser/wwwtax.cgi?id=1923174,,1,Eukaryote
Hubei picorna-like virus 36 - no_g_rank - no_f_rank - no_o_rank - no_c_rank - no_p_rank,Unknown,Eukaryote,https://www.ncbi.nlm.nih.gov/Taxonomy/Browser/wwwtax.cgi?id=1923175,,1,Eukaryote
Hubei picorna-like virus 4 - no_g_rank - no_f_rank - no_o_rank - no_c_rank - no_p_rank,Unknown,Eukaryote,https://www.ncbi.nlm.nih.gov/Taxonomy/Browser/wwwtax.cgi?id=1923176,,1,Eukaryote
Hubei picorna-like virus 40 - no_g_rank - no_f_rank - no_o_rank - no_c_rank - no_p_rank,Unknown,Eukaryote,https://www.ncbi.nlm.nih.gov/Taxonomy/Browser/wwwtax.cgi?id=1923177,,1,Eukaryote
Hubei picorna-like virus 44 - no_g_rank - no_f_rank - no_o_rank - no_c_rank - no_p_rank,Unknown,Eukaryote,https://www.ncbi.nlm.nih.gov/Taxonomy/Browser/wwwtax.cgi?id=1923178,,1,Eukaryote
Hubei picorna-like virus 46 - no_g_rank - no_f_rank - no_o_rank - no_c_rank - no_p_rank,Unknown,Eukaryote,https://www.ncbi.nlm.nih.gov/Taxonomy/Browser/wwwtax.cgi?id=1923179,,1,Eukaryote
Hubei picorna-like virus 5 - no_g_rank - no_f_rank - no_o_rank - no_c_rank - no_p_rank,Unknown,Eukaryote,https://www.ncbi.nlm.nih.gov/Taxonomy/Browser/wwwtax.cgi?id=1923180,,1,Eukaryote
Hubei picorna-like virus 50 - no_g_rank - no_f_rank - no_o_rank - no_c_rank - no_p_rank,Unknown,Eukaryote,https://www.ncbi.nlm.nih.gov/Taxonomy/Browser/wwwtax.cgi?id=1923181,,1,Eukaryote
Hubei picorna-like virus 51 - no_g_rank - no_f_rank - no_o_rank - no_c_rank - no_p_rank,Unknown,Eukaryote,https://www.ncbi.nlm.nih.gov/Taxonomy/Browser/wwwtax.cgi?id=1923182,,1,Eukaryote
Hubei picorna-like virus 55 - no_g_rank - no_f_rank - no_o_rank - no_c_rank - no_p_rank,Unknown,Eukaryote,https://www.ncbi.nlm.nih.gov/Taxonomy/Browser/wwwtax.cgi?id=1923183,,1,Eukaryote
Hubei picorna-like virus 58 - no_g_rank - no_f_rank - no_o_rank - no_c_rank - no_p_rank,Unknown,Eukaryote,https://www.ncbi.nlm.nih.gov/Taxonomy/Browser/wwwtax.cgi?id=1923184,,1,Eukaryote
Hubei picorna-like virus 61 - no_g_rank - no_f_rank - no_o_rank - no_c_rank - no_p_rank,Unknown,Eukaryote,https://www.ncbi.nlm.nih.gov/Taxonomy/Browser/wwwtax.cgi?id=1923185,,1,Eukaryote
Hubei picorna-like virus 62 - no_g_rank - no_f_rank - no_o_rank - no_c_rank - no_p_rank,Unknown,Eukaryote,https://www.ncbi.nlm.nih.gov/Taxonomy/Browser/wwwtax.cgi?id=1923186,,1,Eukaryote
Hubei picorna-like virus 63 - no_g_rank - no_f_rank - no_o_rank - no_c_rank - no_p_rank,Unknown,Eukaryote,https://www.ncbi.nlm.nih.gov/Taxonomy/Browser/wwwtax.cgi?id=1923187,,1,Eukaryote
Hubei picorna-like virus 72 - no_g_rank - no_f_rank - no_o_rank - no_c_rank - no_p_rank,Unknown,Eukaryote,https://www.ncbi.nlm.nih.gov/Taxonomy/Browser/wwwtax.cgi?id=1923188,,1,Eukaryote
Hubei picorna-like virus 76 - no_g_rank - no_f_rank - no_o_rank - no_c_rank - no_p_rank,Unknown,Eukaryote,https://www.ncbi.nlm.nih.gov/Taxonomy/Browser/wwwtax.cgi?id=1923189,,1,Eukaryote
Hubei picorna-like virus 78 - no_g_rank - no_f_rank - no_o_rank - no_c_rank - no_p_rank,Unknown,Eukaryote,https://www.ncbi.nlm.nih.gov/Taxonomy/Browser/wwwtax.cgi?id=1923190,,1,Eukaryote
Hubei sobemo-like virus 1 - no_g_rank - no_f_rank - no_o_rank - no_c_rank - no_p_rank,Unknown,Eukaryote,https://www.ncbi.nlm.nih.gov/Taxonomy/Browser/wwwtax.cgi?lvl=0&id=1923229,,1,Eukaryote
Hubei sobemo-like virus 11 - no_g_rank - no_f_rank - no_o_rank - no_c_rank - no_p_rank,Unknown,Eukaryote,https://www.ncbi.nlm.nih.gov/Taxonomy/Browser/wwwtax.cgi?lvl=0&id=1923230,,1,Eukaryote
Hubei sobemo-like virus 2 - no_g_rank - no_f_rank - no_o_rank - no_c_rank - no_p_rank,Unknown,Eukaryote,https://www.ncbi.nlm.nih.gov/Taxonomy/Browser/wwwtax.cgi?lvl=0&id=1923231,,1,Eukaryote
Hubei sobemo-like virus 36 - no_g_rank - no_f_rank - no_o_rank - no_c_rank - no_p_rank,Unknown,Eukaryote,https://www.ncbi.nlm.nih.gov/Taxonomy/Browser/wwwtax.cgi?lvl=0&id=1923232,,1,Eukaryote
Hubei tetragnatha maxillosa virus 2 - no_g_rank - no_f_rank - no_o_rank - no_c_rank - no_p_rank,Unknown,Eukaryote,https://www.ncbi.nlm.nih.gov/Taxonomy/Browser/wwwtax.cgi?mode=Info&id=1923250,,1,Eukaryote
Hubei tombus-like virus 1 - no_g_rank - no_f_rank - no_o_rank - no_c_rank - no_p_rank,Unknown,Eukaryote,https://www.ncbi.nlm.nih.gov/Taxonomy/Browser/wwwtax.cgi?mode=Info&id=1923288&lvl=6&p=&lin=f&keep=1&srchmode=1&unlock,,1,Eukaryote
Hubei tombus-like virus 11 - no_g_rank - no_f_rank - no_o_rank - no_c_rank - no_p_rank,Unknown,Eukaryote,https://www.ncbi.nlm.nih.gov/Taxonomy/Browser/wwwtax.cgi?mode=Info&id=1923288&lvl=6&p=&lin=f&keep=1&srchmode=1&unlock,,1,Eukaryote
Hubei tombus-like virus 19 - no_g_rank - no_f_rank - no_o_rank - no_c_rank - no_p_rank,Unknown,Eukaryote,https://www.ncbi.nlm.nih.gov/Taxonomy/Browser/wwwtax.cgi?mode=Info&id=1923288&lvl=6&p=&lin=f&keep=1&srchmode=1&unlock,,1,Eukaryote
Hubei tombus-like virus 2 - no_g_rank - no_f_rank - no_o_rank - no_c_rank - no_p_rank,Unknown,Eukaryote,https://www.ncbi.nlm.nih.gov/Taxonomy/Browser/wwwtax.cgi?mode=Info&id=1923288&lvl=6&p=&lin=f&keep=1&srchmode=1&unlock,,1,Eukaryote
Hubei tombus-like virus 22 - no_g_rank - no_f_rank - no_o_rank - no_c_rank - no_p_rank,Unknown,Eukaryote,https://www.ncbi.nlm.nih.gov/Taxonomy/Browser/wwwtax.cgi?mode=Info&id=1923288&lvl=6&p=&lin=f&keep=1&srchmode=1&unlock,,1,Eukaryote
Hubei tombus-like virus 3 - no_g_rank - no_f_rank - no_o_rank - no_c_rank - no_p_rank,Unknown,Eukaryote,https://www.ncbi.nlm.nih.gov/Taxonomy/Browser/wwwtax.cgi?mode=Info&id=1923288&lvl=6&p=&lin=f&keep=1&srchmode=1&unlock,,1,Eukaryote
Hubei tombus-like virus 34 - no_g_rank - no_f_rank - no_o_rank - no_c_rank - no_p_rank,Unknown,Eukaryote,https://www.ncbi.nlm.nih.gov/Taxonomy/Browser/wwwtax.cgi?mode=Info&id=1923288&lvl=6&p=&lin=f&keep=1&srchmode=1&unlock,,1,Eukaryote
Hubei tombus-like virus 4 - no_g_rank - no_f_rank - no_o_rank - no_c_rank - no_p_rank,Unknown,Eukaryote,https://www.ncbi.nlm.nih.gov/Taxonomy/Browser/wwwtax.cgi?mode=Info&id=1923288&lvl=6&p=&lin=f&keep=1&srchmode=1&unlock,,1,Eukaryote
Hubei tombus-like virus 40 - no_g_rank - no_f_rank - no_o_rank - no_c_rank - no_p_rank,Unknown,Eukaryote,https://www.ncbi.nlm.nih.gov/Taxonomy/Browser/wwwtax.cgi?mode=Info&id=1923288&lvl=6&p=&lin=f&keep=1&srchmode=1&unlock,,1,Eukaryote
Hubei tombus-like virus 5 - no_g_rank - no_f_rank - no_o_rank - no_c_rank - no_p_rank,Unknown,Eukaryote,https://www.ncbi.nlm.nih.gov/Taxonomy/Browser/wwwtax.cgi?mode=Info&id=1923288&lvl=6&p=&lin=f&keep=1&srchmode=1&unlock,,1,Eukaryote
Hubei tombus-like virus 6 - no_g_rank - no_f_rank - no_o_rank - no_c_rank - no_p_rank,Unknown,Eukaryote,https://www.ncbi.nlm.nih.gov/Taxonomy/Browser/wwwtax.cgi?mode=Info&id=1923288&lvl=6&p=&lin=f&keep=1&srchmode=1&unlock,,1,Eukaryote
Hubei tombus-like virus 8 - no_g_rank - no_f_rank - no_o_rank - no_c_rank - no_p_rank,Unknown,Eukaryote,https://www.ncbi.nlm.nih.gov/Taxonomy/Browser/wwwtax.cgi?mode=Info&id=1923288&lvl=6&p=&lin=f&keep=1&srchmode=1&unlock,,1,Eukaryote
Hubei tombus-like virus 9 - no_g_rank - no_f_rank - no_o_rank - no_c_rank - no_p_rank,Unknown,Eukaryote,https://www.ncbi.nlm.nih.gov/Taxonomy/Browser/wwwtax.cgi?mode=Info&id=1923288&lvl=6&p=&lin=f&keep=1&srchmode=1&unlock,,1,Eukaryote
Hubei unio douglasiae virus 2 - no_g_rank - no_f_rank - no_o_rank - no_c_rank - no_p_rank,Unknown,Eukaryote,https://www.genome.jp/virushostdb/1923322,,1,Eukaryote
Hubei virga-like virus 11 - no_g_rank - no_f_rank - no_o_rank - no_c_rank - no_p_rank,Unknown,Eukaryote,https://www.ncbi.nlm.nih.gov/Taxonomy/Browser/wwwtax.cgi?id=1923326,,1,Eukaryote
Hubei virga-like virus 2 - no_g_rank - no_f_rank - no_o_rank - no_c_rank - no_p_rank,Unknown,Eukaryote,https://www.ncbi.nlm.nih.gov/Taxonomy/Browser/wwwtax.cgi?id=1923327,,1,Eukaryote
Hubei yanvirus-like virus 1 - no_g_rank - no_f_rank - no_o_rank - no_c_rank - no_p_rank,Unknown,Eukaryote,https://www.ncbi.nlm.nih.gov/Taxonomy/Browser/wwwtax.cgi?lvl=0&id=1923343,,1,Eukaryote
Hudisavirus sp. - no_g_rank - no_f_rank - no_o_rank - no_c_rank - no_p_rank,Unknown,Eukaryote,https://www.genome.jp/virushostdb/2021738,,1,Eukaryote
Human feces pecovirus - no_g_rank - no_f_rank - no_o_rank - no_c_rank - no_p_rank,Unknown,Eukaryote,Name,,1,Eukaryote
Kelp fly virus - no_g_rank - no_f_rank - no_o_rank - no_c_rank - no_p_rank,Unknown,Eukaryote,Name,,1,Eukaryote
Lake Sarah-associated circular virus-14 - no_g_rank - no_f_rank - no_o_rank - no_c_rank - no_p_rank,Unknown,Eukaryote,https://www.genome.jp/virushostdb/1685725,,1,Eukaryote
Lake Sarah-associated circular virus-8 - no_g_rank - no_f_rank - no_o_rank - no_c_rank - no_p_rank,Unknown,Eukaryote,https://www.genome.jp/virushostdb/1685726,,1,Eukaryote
Llama faeces associated circular DNA virus-1 - no_g_rank - no_f_rank - no_o_rank - no_c_rank - no_p_rank,Unknown,Eukaryote,Name,,1,Eukaryote
Lucerne transient streak virus satellite RNA - no_g_rank - no_f_rank - no_o_rank - no_c_rank - no_p_rank,Unknown,Eukaryote,Name,,1,Eukaryote
Negevirus - no_f_rank - no_o_rank - no_c_rank - no_p_rank,Unknown,Eukaryote,https://en.wikipedia.org/wiki/Negevirus,,1,Eukaryote
Oyster mushroom spherical virus - no_g_rank - no_f_rank - no_o_rank - no_c_rank - no_p_rank,Unknown,Eukaryote,Name,,1,Eukaryote
Papanivirus - no_f_rank - no_o_rank - no_c_rank - no_p_rank,Unknown,Eukaryote,https://en.wikipedia.org/wiki/Panicum_mosaic_satellite_virus,,1,Eukaryote
Penicillium aurantiogriseum partiti-like virus - no_g_rank - no_f_rank - no_o_rank - no_c_rank - no_p_rank,Unknown,Eukaryote,Name,,1,Eukaryote
Plasmaviridae - no_o_rank - no_c_rank - no_p_rank,Unknown,Prokaryote,https://en.wikipedia.org/wiki/Plasmaviridae,,1,Prokaryote
Posavirus sp. - no_g_rank - no_f_rank - no_o_rank - no_c_rank - no_p_rank,Unknown,Eukaryote,https://www.ncbi.nlm.nih.gov/Taxonomy/Browser/wwwtax.cgi?p=7&id=2219055,,1,Eukaryote
Saccharomyces cerevisiae killer virus M1 - no_g_rank - no_f_rank - no_o_rank - no_c_rank - no_p_rank,Unknown,Prokaryote,Name,,1,Prokaryote
Salmovirus WFRC1 - no_g_rank - no_f_rank - no_o_rank - no_c_rank - no_p_rank,Unknown,Eukaryote,Name,,1,Eukaryote
Sanxia atyid shrimp virus 2 - no_g_rank - no_f_rank - no_o_rank - no_c_rank - no_p_rank,Unknown,Eukaryote,Name,,1,Eukaryote
Sanxia narna-like virus 1 - no_g_rank - no_f_rank - no_o_rank - no_c_rank - no_p_rank,Unknown,Eukaryote,https://www.ncbi.nlm.nih.gov/Taxonomy/Browser/wwwtax.cgi?mode=Undef&id=1922348&lvl=3&keep=1&srchmode=1&unlock,,1,Eukaryote
Sanxia picorna-like virus 11 - no_g_rank - no_f_rank - no_o_rank - no_c_rank - no_p_rank,Unknown,Eukaryote,https://www.ncbi.nlm.nih.gov/Taxonomy/Browser/wwwtax.cgi?mode=Undef&id=1922348&lvl=3&keep=1&srchmode=1&unlock,,1,Eukaryote
Sanxia picorna-like virus 8 - no_g_rank - no_f_rank - no_o_rank - no_c_rank - no_p_rank,Unknown,Eukaryote,https://www.ncbi.nlm.nih.gov/Taxonomy/Browser/wwwtax.cgi?mode=Undef&id=1922348&lvl=3&keep=1&srchmode=1&unlock,,1,Eukaryote
Sanxia tombus-like virus 9 - no_g_rank - no_f_rank - no_o_rank - no_c_rank - no_p_rank,Unknown,Eukaryote,https://www.ncbi.nlm.nih.gov/Taxonomy/Browser/wwwtax.cgi?mode=Undef&id=1922348&lvl=3&keep=1&srchmode=1&unlock,,1,Eukaryote
Sanxia water strider virus 16 - no_g_rank - no_f_rank - no_o_rank - no_c_rank - no_p_rank,Unknown,Eukaryote,https://www.ncbi.nlm.nih.gov/Taxonomy/Browser/wwwtax.cgi?mode=Undef&id=1922348&lvl=3&keep=1&srchmode=1&unlock,,1,Eukaryote
Sarthroviridae - no_o_rank - no_c_rank - no_p_rank,Unknown,Eukaryote,https://pubmed.ncbi.nlm.nih.gov/30507372/,,1,Eukaryote
Sclerophthora macrospora virus A - no_g_rank - no_f_rank - no_o_rank - no_c_rank - no_p_rank,Unknown,Eukaryote,Name,,1,Eukaryote
Sclerophthora macrospora virus B - no_g_rank - no_f_rank - no_o_rank - no_c_rank - no_p_rank,Unknown,Eukaryote,Name,,1,Eukaryote
Sclerotinia sclerotiorum dsRNA mycovirus-L - no_g_rank - no_f_rank - no_o_rank - no_c_rank - no_p_rank,Unknown,Eukaryote,Name,,1,Eukaryote
Sewage-associated circular DNA molecule-1 - no_g_rank - no_f_rank - no_o_rank - no_c_rank - no_p_rank,Unknown,NA,NA ,,1,NA
Sewage-associated circular DNA virus-22 - no_g_rank - no_f_rank - no_o_rank - no_c_rank - no_p_rank,Unknown,NA,NA ,,1,NA
Sewage-associated circular DNA virus-23 - no_g_rank - no_f_rank - no_o_rank - no_c_rank - no_p_rank,Unknown,NA,NA ,,1,NA
Sewage-associated circular DNA virus-26 - no_g_rank - no_f_rank - no_o_rank - no_c_rank - no_p_rank,Unknown,NA,NA ,,1,NA
Sewage-associated circular DNA virus-28 - no_g_rank - no_f_rank - no_o_rank - no_c_rank - no_p_rank,Unknown,NA,NA ,,1,NA
Sewage-associated circular DNA virus-30 - no_g_rank - no_f_rank - no_o_rank - no_c_rank - no_p_rank,Unknown,NA,NA ,,1,NA
Sewage-associated circular DNA virus-31 - no_g_rank - no_f_rank - no_o_rank - no_c_rank - no_p_rank,Unknown,NA,NA ,,1,NA
Sewage-associated circular DNA virus-35 - no_g_rank - no_f_rank - no_o_rank - no_c_rank - no_p_rank,Unknown,NA,NA ,,1,NA
Shahe heteroptera virus 4 - no_g_rank - no_f_rank - no_o_rank - no_c_rank - no_p_rank,Unknown,Eukaryote,https://www.ncbi.nlm.nih.gov/Taxonomy/Browser/wwwtax.cgi?id=1923417,,1,Eukaryote
Shahe isopoda virus 5 - no_g_rank - no_f_rank - no_o_rank - no_c_rank - no_p_rank,Unknown,Eukaryote,https://www.ncbi.nlm.nih.gov/Taxonomy/Browser/wwwtax.cgi?id=1923418,,1,Eukaryote
Shahe narna-like virus 3 - no_g_rank - no_f_rank - no_o_rank - no_c_rank - no_p_rank,Unknown,Eukaryote,https://www.ncbi.nlm.nih.gov/Taxonomy/Browser/wwwtax.cgi?id=1923419,,1,Eukaryote
Shahe picorna-like virus 1 - no_g_rank - no_f_rank - no_o_rank - no_c_rank - no_p_rank,Unknown,Eukaryote,https://www.ncbi.nlm.nih.gov/Taxonomy/Browser/wwwtax.cgi?id=1923420,,1,Eukaryote
Shahe picorna-like virus 11 - no_g_rank - no_f_rank - no_o_rank - no_c_rank - no_p_rank,Unknown,Eukaryote,https://www.ncbi.nlm.nih.gov/Taxonomy/Browser/wwwtax.cgi?id=1923421,,1,Eukaryote
Shahe picorna-like virus 12 - no_g_rank - no_f_rank - no_o_rank - no_c_rank - no_p_rank,Unknown,Eukaryote,https://www.ncbi.nlm.nih.gov/Taxonomy/Browser/wwwtax.cgi?id=1923422,,1,Eukaryote
Shahe picorna-like virus 13 - no_g_rank - no_f_rank - no_o_rank - no_c_rank - no_p_rank,Unknown,Eukaryote,https://www.ncbi.nlm.nih.gov/Taxonomy/Browser/wwwtax.cgi?id=1923423,,1,Eukaryote
Shahe picorna-like virus 5 - no_g_rank - no_f_rank - no_o_rank - no_c_rank - no_p_rank,Unknown,Eukaryote,https://www.ncbi.nlm.nih.gov/Taxonomy/Browser/wwwtax.cgi?id=1923424,,1,Eukaryote
Shahe picorna-like virus 6 - no_g_rank - no_f_rank - no_o_rank - no_c_rank - no_p_rank,Unknown,Eukaryote,https://www.ncbi.nlm.nih.gov/Taxonomy/Browser/wwwtax.cgi?id=1923425,,1,Eukaryote
Shahe picorna-like virus 7 - no_g_rank - no_f_rank - no_o_rank - no_c_rank - no_p_rank,Unknown,Eukaryote,https://www.ncbi.nlm.nih.gov/Taxonomy/Browser/wwwtax.cgi?id=1923426,,1,Eukaryote
Shahe picorna-like virus 8 - no_g_rank - no_f_rank - no_o_rank - no_c_rank - no_p_rank,Unknown,Eukaryote,https://www.ncbi.nlm.nih.gov/Taxonomy/Browser/wwwtax.cgi?id=1923427,,1,Eukaryote
Shahe tombus-like virus 1 - no_g_rank - no_f_rank - no_o_rank - no_c_rank - no_p_rank,Unknown,Eukaryote,https://www.ncbi.nlm.nih.gov/Taxonomy/Browser/wwwtax.cgi?id=1923428,,1,Eukaryote
Shuangao insect virus 7 - no_g_rank - no_f_rank - no_o_rank - no_c_rank - no_p_rank,Unknown,Eukaryote,Name,,1,Eukaryote
Thika virus - no_g_rank - no_f_rank - no_o_rank - no_c_rank - no_p_rank,Unknown,Eukaryote,https://www.researchgate.net/figure/Phylogenetic-tree-and-viral-genomic-structure-of-Thika-virus-clades-Narnaviridae_fig2_352759123,,1,Eukaryote
Tobacco ringspot virus satellite RNA - no_g_rank - no_f_rank - no_o_rank - no_c_rank - no_p_rank,Unknown,Eukaryote,Name,,1,Eukaryote
Tomato bushy stunt virus satellite RNA - no_g_rank - no_f_rank - no_o_rank - no_c_rank - no_p_rank,Unknown,Eukaryote,Name,,1,Eukaryote
Trichoderma asperellum dsRNA virus 1 - no_g_rank - no_f_rank - no_o_rank - no_c_rank - no_p_rank,Unknown,Eukaryote,Name,,1,Eukaryote
Trichomonas vaginalis virus dsRNA satellite S1prime - no_g_rank - no_f_rank - no_o_rank - no_c_rank - no_p_rank,Unknown,Eukaryote,Name,,1,Eukaryote
Ubei picorna-like virus 3 - no_g_rank - no_f_rank - no_o_rank - no_c_rank - no_p_rank,Unknown,Eukaryote,https://www.ncbi.nlm.nih.gov/Taxonomy/Browser/wwwtax.cgi?lvl=0&id=1923167,,1,Eukaryote
Wenzhou channeled applesnail virus 1 - no_g_rank - no_f_rank - no_o_rank - no_c_rank - no_p_rank,Unknown,Eukaryote,Name,,1,Eukaryote
Wenzhou channeled applesnail virus 2 - no_g_rank - no_f_rank - no_o_rank - no_c_rank - no_p_rank,Unknown,Eukaryote,Name,,1,Eukaryote
Wenzhou gastropodes virus 1 - no_g_rank - no_f_rank - no_o_rank - no_c_rank - no_p_rank,Unknown,Eukaryote,Name,,1,Eukaryote
Wenzhou picorna-like virus 1 - no_g_rank - no_f_rank - no_o_rank - no_c_rank - no_p_rank,Unknown,Eukaryote,https://www.ncbi.nlm.nih.gov/Taxonomy/Browser/wwwtax.cgi?id=1923638,,1,Eukaryote
Wenzhou picorna-like virus 10 - no_g_rank - no_f_rank - no_o_rank - no_c_rank - no_p_rank,Unknown,Eukaryote,https://www.ncbi.nlm.nih.gov/Taxonomy/Browser/wwwtax.cgi?id=1923639,,1,Eukaryote
Wenzhou picorna-like virus 2 - no_g_rank - no_f_rank - no_o_rank - no_c_rank - no_p_rank,Unknown,Eukaryote,https://www.ncbi.nlm.nih.gov/Taxonomy/Browser/wwwtax.cgi?id=1923640,,1,Eukaryote
Wenzhou picorna-like virus 23 - no_g_rank - no_f_rank - no_o_rank - no_c_rank - no_p_rank,Unknown,Eukaryote,https://www.ncbi.nlm.nih.gov/Taxonomy/Browser/wwwtax.cgi?id=1923641,,1,Eukaryote
Wenzhou picorna-like virus 28 - no_g_rank - no_f_rank - no_o_rank - no_c_rank - no_p_rank,Unknown,Eukaryote,https://www.ncbi.nlm.nih.gov/Taxonomy/Browser/wwwtax.cgi?id=1923642,,1,Eukaryote
Wenzhou picorna-like virus 40 - no_g_rank - no_f_rank - no_o_rank - no_c_rank - no_p_rank,Unknown,Eukaryote,https://www.ncbi.nlm.nih.gov/Taxonomy/Browser/wwwtax.cgi?id=1923643,,1,Eukaryote
Wenzhou picorna-like virus 47 - no_g_rank - no_f_rank - no_o_rank - no_c_rank - no_p_rank,Unknown,Eukaryote,https://www.ncbi.nlm.nih.gov/Taxonomy/Browser/wwwtax.cgi?id=1923644,,1,Eukaryote
Wenzhou picorna-like virus 5 - no_g_rank - no_f_rank - no_o_rank - no_c_rank - no_p_rank,Unknown,Eukaryote,https://www.ncbi.nlm.nih.gov/Taxonomy/Browser/wwwtax.cgi?id=1923645,,1,Eukaryote
Wenzhou shrimp virus 7 - no_g_rank - no_f_rank - no_o_rank - no_c_rank - no_p_rank,Unknown,Eukaryote,Name,,1,Eukaryote
Wenzhou shrimp virus 8 - no_g_rank - no_f_rank - no_o_rank - no_c_rank - no_p_rank,Unknown,Eukaryote,Name,,1,Eukaryote
Wenzhou shrimp virus 9 - no_g_rank - no_f_rank - no_o_rank - no_c_rank - no_p_rank,Unknown,Eukaryote,Name,,1,Eukaryote
Wenzhou sobemo-like virus 4 - no_g_rank - no_f_rank - no_o_rank - no_c_rank - no_p_rank,Unknown,Eukaryote,https://pubmed.ncbi.nlm.nih.gov/36366436/,,1,Eukaryote
Wenzhou tombus-like virus 11 - no_g_rank - no_f_rank - no_o_rank - no_c_rank - no_p_rank,Unknown,Eukaryote,https://www.ncbi.nlm.nih.gov/Taxonomy/Browser/wwwtax.cgi?mode=Info&id=1923666&lvl=3&lin=f&keep=1&srchmode=1&unlock,,1,Eukaryote
Wenzhou tombus-like virus 16 - no_g_rank - no_f_rank - no_o_rank - no_c_rank - no_p_rank,Unknown,Eukaryote,https://www.ncbi.nlm.nih.gov/Taxonomy/Browser/wwwtax.cgi?mode=Info&id=1923666&lvl=3&lin=f&keep=1&srchmode=1&unlock,,1,Eukaryote
Wenzhou tombus-like virus 18 - no_g_rank - no_f_rank - no_o_rank - no_c_rank - no_p_rank,Unknown,Eukaryote,https://www.ncbi.nlm.nih.gov/Taxonomy/Browser/wwwtax.cgi?mode=Info&id=1923666&lvl=3&lin=f&keep=1&srchmode=1&unlock,,1,Eukaryote
Wenzhou tombus-like virus 9 - no_g_rank - no_f_rank - no_o_rank - no_c_rank - no_p_rank,Unknown,Eukaryote,https://www.ncbi.nlm.nih.gov/Taxonomy/Browser/wwwtax.cgi?mode=Info&id=1923666&lvl=3&lin=f&keep=1&srchmode=1&unlock,,1,Eukaryote
Wenzhou yanvirus-like virus 2 - no_g_rank - no_f_rank - no_o_rank - no_c_rank - no_p_rank,Unknown,Eukaryote,https://www.ncbi.nlm.nih.gov/Taxonomy/Browser/wwwtax.cgi?mode=Info&id=1923684,,1,Eukaryote
Wuhan aphid virus 1 - no_g_rank - no_f_rank - no_o_rank - no_c_rank - no_p_rank,Unknown,Eukaryote,Name,,1,Eukaryote
Wuhan fly virus 5 - no_g_rank - no_f_rank - no_o_rank - no_c_rank - no_p_rank,Unknown,Eukaryote,Name,,1,Eukaryote
Wuhan house centipede virus 6 - no_g_rank - no_f_rank - no_o_rank - no_c_rank - no_p_rank,Unknown,Eukaryote,Name,,1,Eukaryote
Wuhan house centipede virus 9 - no_g_rank - no_f_rank - no_o_rank - no_c_rank - no_p_rank,Unknown,Eukaryote,Name,,1,Eukaryote
Wuhan insect virus 11 - no_g_rank - no_f_rank - no_o_rank - no_c_rank - no_p_rank,Unknown,Eukaryote,Name,,1,Eukaryote
Wuhan insect virus 21 - no_g_rank - no_f_rank - no_o_rank - no_c_rank - no_p_rank,Unknown,Eukaryote,Name,,1,Eukaryote
Wuhan insect virus 22 - no_g_rank - no_f_rank - no_o_rank - no_c_rank - no_p_rank,Unknown,Eukaryote,Name,,1,Eukaryote
Wuhan insect virus 23 - no_g_rank - no_f_rank - no_o_rank - no_c_rank - no_p_rank,Unknown,Eukaryote,Name,,1,Eukaryote
Wuhan pillworm virus 2 - no_g_rank - no_f_rank - no_o_rank - no_c_rank - no_p_rank,Unknown,Eukaryote,Name,,1,Eukaryote
Wuhan pillworm virus 3 - no_g_rank - no_f_rank - no_o_rank - no_c_rank - no_p_rank,Unknown,Eukaryote,Name,,1,Eukaryote
Yaraviridae - no_o_rank - no_c_rank - no_p_rank,Unknown,Eukaryote,https://pubmed.ncbi.nlm.nih.gov/35000005/,,1,Eukaryote
Acanthamoeba castellanii medusavirus - no_g_rank - no_f_rank - no_o_rank - no_c_rank - no_p_rank,,Eukaryote,https://en.wikipedia.org/wiki/Medusavirus,,,Eukaryote
Apis mellifera filamentous virus - no_g_rank - no_f_rank - no_o_rank - no_c_rank - no_p_rank,,Eukaryote,https://www.nature.com/articles/s41598-024-64882-z,,,Eukaryote
Beihai barnacle virus 11 - no_g_rank - no_f_rank - no_o_rank - no_c_rank - no_p_rank,,Eukaryote,Name,,,Eukaryote
Beihai picorna-like virus 14 - no_g_rank - no_f_rank - no_o_rank - no_c_rank - no_p_rank,,Eukaryote,https://www.genome.jp/virushostdb/1922603,,,Eukaryote
Beihai picorna-like virus 17 - no_g_rank - no_f_rank - no_o_rank - no_c_rank - no_p_rank,,Eukaryote,Riboviria,,,Eukaryote
Beihai picorna-like virus 21 - no_g_rank - no_f_rank - no_o_rank - no_c_rank - no_p_rank,,Eukaryote,Riboviria,,,Eukaryote
Beihai picorna-like virus 23 - no_g_rank - no_f_rank - no_o_rank - no_c_rank - no_p_rank,,Eukaryote,Riboviria,,,Eukaryote
Beihai picorna-like virus 46 - no_g_rank - no_f_rank - no_o_rank - no_c_rank - no_p_rank,,Eukaryote,Riboviria,,,Eukaryote
Beihai picorna-like virus 47 - no_g_rank - no_f_rank - no_o_rank - no_c_rank - no_p_rank,,Eukaryote,Riboviria,,,Eukaryote
Beihai picorna-like virus 48 - no_g_rank - no_f_rank - no_o_rank - no_c_rank - no_p_rank,,Eukaryote,Riboviria,,,Eukaryote
Beihai picorna-like virus 57 - no_g_rank - no_f_rank - no_o_rank - no_c_rank - no_p_rank,,Eukaryote,Riboviria,,,Eukaryote
Beihai picorna-like virus 80 - no_g_rank - no_f_rank - no_o_rank - no_c_rank - no_p_rank,,Eukaryote,Riboviria,,,Eukaryote
Beihai sobemo-like virus 24 - no_g_rank - no_f_rank - no_o_rank - no_c_rank - no_p_rank,,Eukaryote,Riboviria,,,Eukaryote
Beihai tombus-like virus 4 - no_g_rank - no_f_rank - no_o_rank - no_c_rank - no_p_rank,,Eukaryote,https://www.ncbi.nlm.nih.gov/Taxonomy/Browser/wwwtax.cgi?id=1922718,,,Eukaryote
Beihai weivirus-like virus 17 - no_g_rank - no_f_rank - no_o_rank - no_c_rank - no_p_rank,,Eukaryote,https://www.genome.jp/virushostdb/1922738,,,Eukaryote
Bombyx mori cypovirus 1 satellite RNA - no_g_rank - no_f_rank - no_o_rank - no_c_rank - no_p_rank,,Eukaryote,https://www.genome.jp/virushostdb/284503,,,Eukaryote
Botrytis cinerea RNA virus 1 - no_g_rank - no_f_rank - no_o_rank - no_c_rank - no_p_rank,,Eukaryote,https://www.genome.jp/virushostdb/1568973,,,Eukaryote
Botrytis cinerea negative-stranded RNA virus 1 - no_g_rank - no_f_rank - no_o_rank - no_c_rank - no_p_rank,,Eukaryote,https://www.genome.jp/virushostdb/40559,,,Eukaryote
Carrot mottle mimic virus satellite RNA - no_g_rank - no_f_rank - no_o_rank - no_c_rank - no_p_rank,,Eukaryote,Name,,,Eukaryote
Carrot red leaf luteovirus associated RNA - no_g_rank - no_f_rank - no_o_rank - no_c_rank - no_p_rank,,Eukaryote,Name,,,Eukaryote
Changjiang narna-like virus 1 - no_g_rank - no_f_rank - no_o_rank - no_c_rank - no_p_rank,,NA,NA,,,NA
Changjiang narna-like virus 2 - no_g_rank - no_f_rank - no_o_rank - no_c_rank - no_p_rank,,NA,NA,,,NA
Changjiang picorna-like virus 6 - no_g_rank - no_f_rank - no_o_rank - no_c_rank - no_p_rank,,Eukaryote,https://www.genome.jp/virushostdb/1922795,,,Eukaryote
Changjiang sobemo-like virus 2 - no_g_rank - no_f_rank - no_o_rank - no_c_rank - no_p_rank,,NA,NA,,,NA
Changjiang tombus-like virus 21 - no_g_rank - no_f_rank - no_o_rank - no_c_rank - no_p_rank,,Eukaryote,https://www.genome.jp/virushostdb/1922815,,,Eukaryote
Chicken stool-associated circular virus - no_g_rank - no_f_rank - no_o_rank - no_c_rank - no_p_rank,,Eukaryote,Name,,,Eukaryote
Chimeric virus 14 - no_g_rank - no_f_rank - no_o_rank - no_c_rank - no_p_rank,,NA,NA,,,NA
Circovirus-like genome RW-D - no_g_rank - no_f_rank - no_o_rank - no_c_rank - no_p_rank,,NA,NA,,,NA
Culex negev-like virus 3 - no_g_rank - no_f_rank - no_o_rank - no_c_rank - no_p_rank,,Eukaryote,https://www.genome.jp/virushostdb/260110,,,Eukaryote
Diplodia scrobiculata RNA virus 1 - no_g_rank - no_f_rank - no_o_rank - no_c_rank - no_p_rank,,Eukaryote,Name,,,Eukaryote
Elicom virus 1 - no_g_rank - no_f_rank - no_o_rank - no_c_rank - no_p_rank,,NA,NA ,,,NA
Giant house spider associated circular virus 3 - no_g_rank - no_f_rank - no_o_rank - no_c_rank - no_p_rank,,Eukaryote,Name,,,Eukaryote
Halastavi arva RNA virus - no_g_rank - no_f_rank - no_o_rank - no_c_rank - no_p_rank,,Eukaryote,https://www.ncbi.nlm.nih.gov/Taxonomy/Browser/wwwtax.cgi?id=1088890,,,Eukaryote
Holcus lanatus-associated virus - no_g_rank - no_f_rank - no_o_rank - no_c_rank - no_p_rank,,Eukaryote,Name,,,Eukaryote
Hubei narna-like virus 5 - no_g_rank - no_f_rank - no_o_rank - no_c_rank - no_p_rank,,NA,NA,,,NA
Hubei odonate virus 1 - no_g_rank - no_f_rank - no_o_rank - no_c_rank - no_p_rank,,NA,NA,,,NA
Hubei orthoptera virus 1 - no_g_rank - no_f_rank - no_o_rank - no_c_rank - no_p_rank,,Eukaryote,https://www.genome.jp/virushostdb/1923013,,,Eukaryote
Hubei permutotetra-like virus 4 - no_g_rank - no_f_rank - no_o_rank - no_c_rank - no_p_rank,,Eukaryote,https://www.ncbi.nlm.nih.gov/Taxonomy/Browser/wwwtax.cgi?mode=Info&id=1923073,,,Eukaryote
Hubei picorna-like virus 35 - no_g_rank - no_f_rank - no_o_rank - no_c_rank - no_p_rank,,Eukaryote,Riboviria,,,Eukaryote
Hubei picorna-like virus 42 - no_g_rank - no_f_rank - no_o_rank - no_c_rank - no_p_rank,,Eukaryote,Riboviria,,,Eukaryote
Hubei picorna-like virus 60 - no_g_rank - no_f_rank - no_o_rank - no_c_rank - no_p_rank,,Eukaryote,Riboviria,,,Eukaryote
Hubei picorna-like virus 69 - no_g_rank - no_f_rank - no_o_rank - no_c_rank - no_p_rank,,Eukaryote,Riboviria,,,Eukaryote
Hubei sobemo-like virus 3 - no_g_rank - no_f_rank - no_o_rank - no_c_rank - no_p_rank,,Eukaryote,https://www.genome.jp/virushostdb/1923194,,,Eukaryote
Hubei sobemo-like virus 32 - no_g_rank - no_f_rank - no_o_rank - no_c_rank - no_p_rank,,Eukaryote,Riboviria,,,Eukaryote
Hubei sobemo-like virus 35 - no_g_rank - no_f_rank - no_o_rank - no_c_rank - no_p_rank,,Eukaryote,Riboviria,,,Eukaryote
Hubei tetragnatha maxillosa virus 1 - no_g_rank - no_f_rank - no_o_rank - no_c_rank - no_p_rank,,NA,NA,,,NA
Hubei tetragnatha maxillosa virus 5 - no_g_rank - no_f_rank - no_o_rank - no_c_rank - no_p_rank,,NA,NA,,,NA
Hubei tombus-like virus 25 - no_g_rank - no_f_rank - no_o_rank - no_c_rank - no_p_rank,,Eukaryote,https://www.genome.jp/virushostdb/1923295,,,Eukaryote
Hubei tombus-like virus 31 - no_g_rank - no_f_rank - no_o_rank - no_c_rank - no_p_rank,,Eukaryote,Riboviria,,,Eukaryote
Hubei tombus-like virus 36 - no_g_rank - no_f_rank - no_o_rank - no_c_rank - no_p_rank,,Eukaryote,Riboviria,,,Eukaryote
Hubei unio douglasiae virus 3 - no_g_rank - no_f_rank - no_o_rank - no_c_rank - no_p_rank,,NA,NA,,,NA
Hydrogenobaculum phage 1 - no_g_rank - no_f_rank - no_o_rank - no_c_rank - no_p_rank,,Prokaryote,https://www.genome.jp/virushostdb/1732176,,,Prokaryote
Kaumoebavirus - no_g_rank - no_f_rank - no_o_rank - no_c_rank - no_p_rank,,NA,NA,,,NA
Lake Sarah-associated circular virus-48 - no_g_rank - no_f_rank - no_o_rank - no_c_rank - no_p_rank,,NA,NA,,,NA
Mollivirus sibericum - no_g_rank - no_f_rank - no_o_rank - no_c_rank - no_p_rank,,NA,NA,,,NA
Odonata-associated circular virus-18 - no_g_rank - no_f_rank - no_o_rank - no_c_rank - no_p_rank,,Eukaryote,Name,,,Eukaryote
Pandoravirus - no_f_rank - no_o_rank - no_c_rank - no_p_rank,,Eukaryote,https://en.wikipedia.org/wiki/Pandoravirus,,,Eukaryote
Peanut stunt virus satellite RNA - no_g_rank - no_f_rank - no_o_rank - no_c_rank - no_p_rank,,Eukaryote,Name,,,Eukaryote
Pimoid spider associated circular virus 2 - no_g_rank - no_f_rank - no_o_rank - no_c_rank - no_p_rank,,Eukaryote,Name,,,Eukaryote
Pithovirus - no_f_rank - no_o_rank - no_c_rank - no_p_rank,,Eukaryote,https://en.wikipedia.org/wiki/Alphapithovirus,,,Eukaryote
Polydnaviriformidae - no_o_rank - no_c_rank - no_p_rank,,Eukaryote,https://en.wikipedia.org/wiki/Polydnaviriformidae,,,Eukaryote
Porcine serum associated circular DNA virus 2 - no_g_rank - no_f_rank - no_o_rank - no_c_rank - no_p_rank,,Eukaryote,Name,,,Eukaryote
Sanxia picorna-like virus 12 - no_g_rank - no_f_rank - no_o_rank - no_c_rank - no_p_rank,,Eukaryote,https://www.genome.jp/virushostdb/1923368,,,Eukaryote
Sanxia picorna-like virus 5 - no_g_rank - no_f_rank - no_o_rank - no_c_rank - no_p_rank,,Eukaryote,Riboviria,,,Eukaryote
Sanxia sobemo-like virus 4 - no_g_rank - no_f_rank - no_o_rank - no_c_rank - no_p_rank,,Eukaryote,https://www.genome.jp/virushostdb/1923380,,,Eukaryote
Sanxia tombus-like virus 2 - no_g_rank - no_f_rank - no_o_rank - no_c_rank - no_p_rank,,Eukaryote,https://www.genome.jp/virushostdb/1923393,,,Eukaryote
Sanxia water strider virus 17 - no_g_rank - no_f_rank - no_o_rank - no_c_rank - no_p_rank,,Eukaryote,Name,,,Eukaryote
Sewage-associated circular DNA molecule-1 - no_g_rank - no_f_rank - no_o_rank - no_c_rank - no_p_rank,,NA,NA,,,NA
Sewage-associated circular DNA virus-22 - no_g_rank - no_f_rank - no_o_rank - no_c_rank - no_p_rank,,NA,NA,,,NA
Sewage-associated circular DNA virus-23 - no_g_rank - no_f_rank - no_o_rank - no_c_rank - no_p_rank,,NA,NA,,,NA
Sewage-associated circular DNA virus-26 - no_g_rank - no_f_rank - no_o_rank - no_c_rank - no_p_rank,,NA,NA,,,NA
Sewage-associated circular DNA virus-27 - no_g_rank - no_f_rank - no_o_rank - no_c_rank - no_p_rank,,NA,NA,,,NA
Sewage-associated circular DNA virus-28 - no_g_rank - no_f_rank - no_o_rank - no_c_rank - no_p_rank,,NA,NA,,,NA
Sewage-associated circular DNA virus-30 - no_g_rank - no_f_rank - no_o_rank - no_c_rank - no_p_rank,,NA,NA,,,NA
Sewage-associated circular DNA virus-31 - no_g_rank - no_f_rank - no_o_rank - no_c_rank - no_p_rank,,NA,NA,,,NA
Sewage-associated circular DNA virus-35 - no_g_rank - no_f_rank - no_o_rank - no_c_rank - no_p_rank,,NA,NA,,,NA
Shahe isopoda virus 3 - no_g_rank - no_f_rank - no_o_rank - no_c_rank - no_p_rank,,Eukaryote,Name,,,Eukaryote
Shahe picorna-like virus 10 - no_g_rank - no_f_rank - no_o_rank - no_c_rank - no_p_rank,,Eukaryote,https://www.genome.jp/virushostdb/1923441,,,Eukaryote
Shahe picorna-like virus 3 - no_g_rank - no_f_rank - no_o_rank - no_c_rank - no_p_rank,,Eukaryote,Riboviria,,,Eukaryote
Shahe picorna-like virus 4 - no_g_rank - no_f_rank - no_o_rank - no_c_rank - no_p_rank,,Eukaryote,Riboviria,,,Eukaryote
Trichomonas vaginalis virus dsRNA satellite S1 - no_g_rank - no_f_rank - no_o_rank - no_c_rank - no_p_rank,,Eukaryote,https://www.genome.jp/virushostdb/5722,,,Eukaryote
Wabat virus - no_g_rank - no_f_rank - no_o_rank - no_c_rank - no_p_rank,,NA,NA,,,NA
Wenzhou bivalvia virus 2 - no_g_rank - no_f_rank - no_o_rank - no_c_rank - no_p_rank,,Eukaryote,Name,,,Eukaryote
Wenzhou channeled applesnail virus 3 - no_g_rank - no_f_rank - no_o_rank - no_c_rank - no_p_rank,,Eukaryote,Name,,,Eukaryote
Wenzhou picorna-like virus 12 - no_g_rank - no_f_rank - no_o_rank - no_c_rank - no_p_rank,,NA,NA,,,NA
Wenzhou picorna-like virus 15 - no_g_rank - no_f_rank - no_o_rank - no_c_rank - no_p_rank,,NA,NA,,,NA
Wenzhou picorna-like virus 16 - no_g_rank - no_f_rank - no_o_rank - no_c_rank - no_p_rank,,NA,NA,,,NA
Wenzhou picorna-like virus 31 - no_g_rank - no_f_rank - no_o_rank - no_c_rank - no_p_rank,,NA,NA,,,NA
Wenzhou picorna-like virus 4 - no_g_rank - no_f_rank - no_o_rank - no_c_rank - no_p_rank,,NA,NA,,,NA
Wenzhou picorna-like virus 42 - no_g_rank - no_f_rank - no_o_rank - no_c_rank - no_p_rank,,NA,NA,,,NA
Wenzhou picorna-like virus 52 - no_g_rank - no_f_rank - no_o_rank - no_c_rank - no_p_rank,,NA,NA,,,NA
Wenzhou picorna-like virus 6 - no_g_rank - no_f_rank - no_o_rank - no_c_rank - no_p_rank,,NA,NA,,,NA
Wenzhou picorna-like virus 7 - no_g_rank - no_f_rank - no_o_rank - no_c_rank - no_p_rank,,NA,NA,,,NA
Wenzhou shrimp virus 5 - no_g_rank - no_f_rank - no_o_rank - no_c_rank - no_p_rank,,Eukaryote,Name,,,Eukaryote
Wenzhou tombus-like virus 1 - no_g_rank - no_f_rank - no_o_rank - no_c_rank - no_p_rank,,NA,NA,,,NA
Wenzhou tombus-like virus 12 - no_g_rank - no_f_rank - no_o_rank - no_c_rank - no_p_rank,,NA,NA,,,NA
Wenzhou tombus-like virus 17 - no_g_rank - no_f_rank - no_o_rank - no_c_rank - no_p_rank,,NA,NA,,,NA
Wenzhou tombus-like virus 3 - no_g_rank - no_f_rank - no_o_rank - no_c_rank - no_p_rank,,NA,NA,,,NA
Wenzhou tombus-like virus 5 - no_g_rank - no_f_rank - no_o_rank - no_c_rank - no_p_rank,,NA,NA,,,NA
Wuhan arthropod virus 2 - no_g_rank - no_f_rank - no_o_rank - no_c_rank - no_p_rank,,Eukaryote,Name,,,Eukaryote
Wuhan coneheads virus 1 - no_g_rank - no_f_rank - no_o_rank - no_c_rank - no_p_rank,,Eukaryote,Riboviria,,,Eukaryote
Wuhan house centipede virus 1 - no_g_rank - no_f_rank - no_o_rank - no_c_rank - no_p_rank,,Eukaryote,Name,,,Eukaryote
uncultured virus - no_g_rank - no_f_rank - no_o_rank - no_c_rank - no_p_rank,,NA,NA,,,NA
